catalogWave,sourceId,sourceName,provider,officialGovernmentOrSRO,modelStage,evidenceBranch,priority,officialCoverage,accessMode,sizeClass,landingPage,collectionUnit,pointInTimeRule,projectUse,interpretationCaveat,packageStatus
WAVE1,NASDAQ_HIST_DAILY_LIST,Historical Nasdaq Daily List,Nasdaq,0,Stage0,historical identity/corporate action,EXCLUDED_PAID,historical,PAID,MEDIUM,https://www.nasdaqtrader.com/Trader.aspx?id=DailyList,day,announcement/effective date,historical corporate actions,Historical product is not treated as free,EXCLUDED_PAID
WAVE1,NYSE_SHORT_DATA,NYSE short-sale data,NYSE,0,Stage2B,short flow,EXCLUDED_PAID,provider coverage,PAID,LARGE,https://www.nyse.com/market-data/historical,file,date/timestamp,exchange short-flow complement,Paid/proprietary; not included in free-first package,EXCLUDED_PAID
WAVE1,V20_FILING_TIMELINES,SEC filing occurrence timelines already materialized,SEC,1,Stage1/2A/2B,filing activity,P0_EXISTING,1994-2026,IN_PACKAGE,MEDIUM,,filing row,filing_date < cutoff,"filing velocity, burst, form mix",Occurrence is not transaction content or causal proof,ACTUAL_DATA_INCLUDED
WAVE1,V22_ACCEPTANCE_SESSION,EDGAR filing acceptance-session features already materialized,SEC,1,Stage2A/2B,filing timing,P0_EXISTING,event panel through 2026,IN_PACKAGE,SMALL,https://www.sec.gov/search-filings/edgar-application-programming-interfaces,event filing summary,accepted timestamp < cutoff,premarket/regular/after-hours/overnight filing timing,Use preclose/T0-safe variants separately,ACTUAL_DATA_INCLUDED
WAVE1,V22_COMPANYFACTS,SEC Companyfacts PIT features already materialized,SEC,1,Stage1/2A/2B,fundamental/dilution,P0_EXISTING,"issuer-dependent, through 2026",IN_PACKAGE,MEDIUM,https://www.sec.gov/search-filings/edgar-application-programming-interfaces,event/issuer fact,filed < cutoff,"financial weakness, dilution, float, changes",Structured facts do not replace original filing,ACTUAL_DATA_INCLUDED
WAVE1,V22_MARKET_REGIME,24-ETF market and sector regime already materialized,Derived from public market data,0,Stage1/2A/2B,market/sector,P0_EXISTING,1999-2026,IN_PACKAGE,MEDIUM,,daily/event,market date <= cutoff,"broad rally/selloff, breadth, dispersion, relative return",Not legal evidence,ACTUAL_DATA_INCLUDED
WAVE1,FINRA_DAILY_SHORT,Daily Short Sale Volume Files,FINRA,1,Stage1/2A/External Evidence,off-exchange short flow,P1,daily files from 2009-11-09; consolidated NMS from 2018-08-01,NO_KEY_TEXT,MEDIUM,https://www.finra.org/finra-data/browse-catalog/short-sale-volume-data/daily-short-sale-volume-files,trade-date TXT,trade_date < cutoff,"short/total volume, venue mix, persistence","Not exchange-consolidated, not short interest; avoid family double count",EXACT_DATE_QUEUE_INCLUDED
WAVE1,SEC_CROWDFUNDING,Crowdfunding Data Sets,SEC,1,Stage1/2A,financing/dilution,P1,2016-05 through 2026,NO_KEY_BULK,SMALL,https://www.sec.gov/data-research/sec-markets-data/crowdfunding-offerings-data-sets,quarter ZIP,filing_date < cutoff,Reg CF financing and issuer network,Likely sparse for listed issuers; retain for issuer/link analysis,QUEUED_DYNAMIC_DISCOVERY
WAVE1,SEC_DAILY_INDEX,EDGAR daily/full index files,SEC,1,Stage0/External Evidence,identity/filings,P1,historical through current,NO_KEY_INDEX,LARGE,https://www.sec.gov/about/developer-resources,day/quarter index,filing date < cutoff,form chronology and accession discovery,"Index gives filing metadata, not full evidence",QUEUED_GENERATOR_INCLUDED
WAVE1,SEC_EDGAR_LOGS,EDGAR Log File Data Sets,SEC,1,Stage2A/External Evidence,public attention,P1,2003-01-01..2017-06-30; 2020-05-19..2025-06-30,NO_KEY_DAILY_ZIP,VERY_LARGE,https://www.sec.gov/data-research/sec-markets-data/edgar-log-file-data-sets,day ZIP,log_date < cutoff,"pre-event filing attention, unique IP/user-agent aggregates",Coverage gap 2017-07-01..2020-05-18; privacy/filter changes across eras,EXACT_DATE_MANIFEST_INCLUDED
WAVE1,SEC_ENFORCEMENT_ADMIN,SEC Administrative Proceedings,SEC,1,Labels/Actor Graph,official case labels,P1,historical through current,HTML/RSS,SMALL,https://www.sec.gov/enforcement-litigation/administrative-proceedings,order/release,official dates and document provenance,expand positives and actor-family components,Do not collapse allegations/orders/findings into one legal label,INDEX_QUEUE_INCLUDED
WAVE1,SEC_ENFORCEMENT_LITIGATION,SEC Litigation Releases,SEC,1,Labels/Actor Graph,official case labels,P1,historical through current,HTML/RSS,SMALL,https://www.sec.gov/enforcement-litigation/litigation-releases,release/case page,official alleged/charged dates; conservative event anchors,"expand positives, actors, promoters, brokers, tickers","Allegations, settlements and findings must be separately labeled",INDEX_QUEUE_INCLUDED
WAVE1,SEC_FINANCIAL_STATEMENTS,Financial Statement Data Sets,SEC,1,Stage1/2A,fundamental/dilution,P1,2009-01 through 2026-03,NO_KEY_BULK,LARGE,https://www.sec.gov/data-research/sec-markets-data/financial-statement-data-sets,quarter ZIP,filed < cutoff,compact face-financial numeric facts and SIC,As-filed; amendments and taxonomy changes need provenance,QUEUED_DYNAMIC_DISCOVERY
WAVE1,SEC_FORM_345_ACTUAL,Insider Transactions Data Sets (Forms 3/4/5 actual XML fields),SEC,1,External Evidence/Stage1/2A,insider transactions,P1,2006-01 through 2026-06,NO_KEY_BULK,MEDIUM,https://www.sec.gov/data-research/sec-markets-data/insider-transactions-data-sets,quarter ZIP,filing_date/transaction_date < cutoff,"buy/sell direction, shares, price, post-holdings, 10b5-1",Distinguish filing occurrence from actual transaction; amendments/delays matter,QUEUED_DYNAMIC_DISCOVERY
WAVE1,SEC_FORM_D,Form D Data Sets,SEC,1,Stage1/2A/External Evidence,private financing,P1,2009-09 through 2026-06,NO_KEY_BULK,MEDIUM,https://www.sec.gov/data-research/sec-markets-data/form-d-data-sets,quarter ZIP,filing_date < cutoff,"exempt offering, financing pressure, issuer/related-person network",Form D is not itself suspicious activity,QUEUED_DYNAMIC_DISCOVERY
WAVE1,SEC_FTD,Fails-to-Deliver Data,SEC,1,Stage1/2A/External Evidence,settlement stress,P1,2004-02 through 2026-07,NO_KEY_BULK,MEDIUM,https://www.sec.gov/data-research/sec-markets-data/fails-deliver-data,half-month/month/quarter ZIP,settlement_date < cutoff,"fails level, persistence, relative fails","Not proof of short selling, abusive or naked short selling",QUEUED_DYNAMIC_DISCOVERY
WAVE1,SEC_MIDAS_SECURITY,Metrics by Individual Security,SEC,1,Stage2A/2B,intraday market structure,P1,2012-01 through 2026-06,NO_KEY_BULK,LARGE,https://www.sec.gov/data-research/sec-markets-data/marketstructuredata-security,quarter ZIP,date < eventDate for pre-event; T0 only in confirmation,"cancels, trades, hidden/odd-lot volume, order/trade volume, ranks",Daily aggregates; do not call it order-book reconstruction,QUEUED_DYNAMIC_DISCOVERY
WAVE1,SEC_OFFERING_FILINGS,"Registration statements, prospectus supplements, EFFECT/POS/RW/AW offering chronology",SEC,YES,Stage1/ExternalEvidence,dilution_financing,P1,historical EDGAR through current,EDGAR submissions and primary documents,LARGE_SELECTIVE,https://www.sec.gov/edgar/search/,event CIK and filing,public filing/acceptance strictly before eventDate,"ATM, shelf registration, resale registration, warrants and dilution-risk chronology",Registration capacity is not proof that securities were sold; parse actual offering terms separately.,EVENT_FILING_COLLECTOR_INCLUDED
WAVE1,SEC_REG_A,Regulation A Data Sets,SEC,1,Stage1/2A,financing/dilution,P1,2015-06 through 2026,NO_KEY_BULK,SMALL,https://www.sec.gov/data-research/sec-markets-data/regulation-data-sets,quarter ZIP,filing_date < cutoff,"small issuer offering activity, dilution pressure",Offering activity is not manipulation evidence,QUEUED_DYNAMIC_DISCOVERY
WAVE1,SEC_SCHEDULE_13DG_STRUCTURED,"Schedules 13D/G and amendments, including structured ownership data",SEC,YES,Stage1/ExternalEvidence,ownership_control,P1,historical EDGAR; structured XML requirement from 2024-12-18,EDGAR submissions and primary documents,MEDIUM,https://www.sec.gov/edgar/search/,event CIK and filing,filed/accepted strictly before eventDate,"beneficial ownership, control changes, activist or coordinated accumulation chronology",More than 5% ownership is not manipulation; amendments and filing deadlines must be modeled.,EVENT_FILING_COLLECTOR_INCLUDED
WAVE1,SEC_SUBMISSIONS_BULK,EDGAR submissions.zip and company submissions JSON,SEC,1,Stage0/Stage1/2A/2B,identity/filings,P1,current plus historical submissions,NO_KEY_BULK/API,LARGE,https://www.sec.gov/search-filings/edgar-application-programming-interfaces,nightly bulk ZIP / CIK JSON,acceptance/filing timestamp < cutoff,"historical names, former names, tickers, exchanges, form chronology",Current ticker metadata must not be back-projected without valid intervals,STATIC_URL_AND_CIK_QUEUE_INCLUDED
WAVE1,SEC_TRADING_SUSPENSIONS,SEC Trading Suspensions,SEC,1,Labels/Controls/External Evidence,official intervention,P1,historical through current,HTML/PDF,SMALL,https://www.sec.gov/enforcement-litigation/trading-suspensions,suspension release,public release date; event start separately sourced,positive/control discovery and external evidence,"Suspension reason may be disclosure adequacy, not proven manipulation",INDEX_QUEUE_INCLUDED
WAVE1,SEC_TRANSFER_AGENT,Transfer Agent Data Sets,SEC,YES,Stage0/Stage1,identity_float_infrastructure,P1,2006-12 through 2026-06,landing-page linked ZIP,SMALL,https://www.sec.gov/data-research/sec-markets-data/transfer-agent-data-sets,quarter,as-filed public quarter before eventDate,"transfer-agent identity, issuer servicing changes and share-account infrastructure","Transfer-agent activity is infrastructure evidence, not issuer misconduct.",LINK_DISCOVERY_AND_DOWNLOAD_CODE_INCLUDED
WAVE1,CLINICALTRIALS_GOV_API,ClinicalTrials.gov API v2,NIH/NLM,YES,Stage2A/ExternalEvidence,legitimate_clinical_catalyst,P1_SECTOR,historical studies through current; API refreshed weekdays,REST API/CSV,TARGETED,https://clinicaltrials.gov/data-api/api,issuer/sponsor query,first-posted or update-posted date strictly before eventDate,"trial starts, completions, results, status changes and sponsor chronology for biotech controls",Sponsor-name matching is ambiguous; submission date is not the same as public posting date.,LEGITIMATE_CATALYST_COLLECTOR_INCLUDED
WAVE1,OPENFDA_DRUGSFDA,openFDA Drugs@FDA approvals and application records,FDA,YES,ExternalEvidence,legitimate_regulatory_catalyst,P1_SECTOR,approved products since 1939; daily weekday updates,bulk ZIP JSON/API,SMALL,https://open.fda.gov/apis/drug/drugsfda/download/,bulk or sponsor query,approval/public record date strictly before eventDate,drug approval/application confirmation and legitimate catalyst labeling,Company-name harmonization and applicant ownership history require manual audit.,LEGITIMATE_CATALYST_COLLECTOR_INCLUDED
WAVE1,CBOE_MARKET_VOLUME,Cboe Historical Market Volume,Cboe,0,Stage1/2A,market regime/venue share,P2,2009 onward,PUBLIC_CSV,SMALL,https://www.cboe.com/us/equities/market_statistics/historical_market_volume/,day/month,date <= cutoff,market-wide volume and venue-share regime,"Market-level, not issuer-specific",REFERENCE_COLLECTOR_INCLUDED
WAVE1,DOJ_SECURITIES_FRAUD_CASES,DOJ securities-fraud cases and press releases,U.S. Department of Justice,YES,Label/ActorGraph,criminal_enforcement,P2,historical web case and press-release archive through current,search/index/document crawl,TARGETED,https://www.justice.gov/news,case/actor/issuer query,document publication date and alleged conduct dates stored separately,"official criminal allegations, pleas, convictions and sentencing chronology","Charge, plea, conviction and sentencing are different legal states; do not collapse them.",INDEX_DESIGN_INCLUDED_CATALOG_ONLY
WAVE1,FINRA_DAILY_LIST_OTC,FINRA OTC Daily List / historical monthly archives,FINRA,1,Stage0,identity/corporate action,P2,historical archive dependent,PUBLIC_DOWNLOAD,MEDIUM,https://otce.finra.org/otce/dailyList,day/month,effective/announcement dates with availability,"symbol/name changes, splits, bankruptcy, halts",Needed to prevent ticker reuse and corporate-action leakage,CATALOG_ONLY
WAVE1,FINRA_DISCIPLINARY_ACTIONS,FINRA disciplinary actions and BrokerCheck records,FINRA,YES_SRO,Label/ActorGraph,broker_actor_enforcement,P2,historical disciplinary archive through current,search/index/document crawl,TARGETED,https://www.finra.org/rules-guidance/oversight-enforcement/disciplinary-actions,actor/firm query,public action date and underlying conduct period stored separately,"broker-dealer and registered-person actor graph, sanctions and market-conduct labels",Settlements may be without admission; firm/individual identity resolution is required.,INDEX_DESIGN_INCLUDED_CATALOG_ONLY
WAVE1,FINRA_OTC_SHORT_INTEREST,OTC Short Interest Data,FINRA,1,Stage1/External Evidence,short interest,P2,provider archive dependent,DOWNLOAD,MEDIUM,https://www.finra.org/finra-data/browse-catalog/short-interest,settlement publication,public availability < cutoff,position-level short interest complement,Distinct from daily short-sale volume,CATALOG_ONLY
WAVE1,FINRA_OTC_TRANSPARENCY,OTC Transparency / ATS and non-ATS data,FINRA,1,Stage0/Stage1/2B,OTC liquidity/venue,P2,provider archive dependent,DOWNLOAD/API,LARGE,https://www.finra.org/finra-data/browse-catalog/otc-transparency-data,week/month,publication date < cutoff,OTC venue concentration and liquidity,Coverage/publication lag must be modeled,CATALOG_ONLY
WAVE1,NASDAQ_THRESHOLD,Nasdaq Regulation SHO Threshold Security List,Nasdaq,0,Stage1/2A/External Evidence,settlement/threshold,P2,current and historical interface,PUBLIC_DOWNLOAD,SMALL,https://www.nasdaqtrader.com/trader.aspx?id=regshothreshold,trade day,list date < cutoff,threshold persistence and entry/exit,Threshold status alone is not manipulation evidence,REFERENCE_COLLECTOR_INCLUDED
WAVE1,SEC_AAER,SEC Accounting and Auditing Enforcement Releases,SEC,1,Labels/External Evidence,accounting misconduct,P2,historical through current,HTML/PDF,SMALL,https://www.sec.gov/enforcement-litigation/accounting-auditing-enforcement-releases,release,official dates; pre-event cutoff,accounting-fraud catalysts and actor network,Often retrospective; do not leak later findings into pre-event features,INDEX_QUEUE_INCLUDED
WAVE1,SEC_BDC_DATA,Business Development Company XBRL Data Sets,SEC,YES,Stage1/LegitimateControl,bdc_financial_holdings,P2,2022-10 through 2026-06,landing-page linked ZIP,MEDIUM,https://www.sec.gov/data-research/sec-markets-data/bdc-data-sets,quarter/month,filing/public dataset vintage before eventDate,"schedule of investments, detailed financials and non-financial BDC data",Relevant mainly to BDC issuers and holdings networks; June 2026 lacks financial rows.,LINK_DISCOVERY_AND_DOWNLOAD_CODE_INCLUDED
WAVE1,SEC_FINANCIAL_NOTES,Financial Statement and Notes Data Sets,SEC,1,Stage1/2A/External Evidence,disclosure text/numeric,P2,2009-01 through 2026-07,NO_KEY_BULK,VERY_LARGE,https://www.sec.gov/data-research/sec-markets-data/financial-statement-notes-data-sets,quarter/month ZIP,filed < cutoff,"going concern, financing, debt covenant, dilution and note text",Large; target CIKs after download and preserve accession/filed provenance,QUEUED_DYNAMIC_DISCOVERY
WAVE1,SEC_FORM_13F,Form 13F Data Sets,SEC,1,Stage1/2A,institutional ownership,P2,2013-07 through 2026-05,NO_KEY_BULK,LARGE,https://www.sec.gov/data-research/sec-markets-data/form-13f-data-sets,quarter ZIP,filing_date < cutoff; holdings report period separately,"ownership concentration, entry/exit, manager network",Report delay and confidential treatment; do not use period-end as public date,QUEUED_DYNAMIC_DISCOVERY
WAVE1,SEC_FORM_ADV,Registered Investment Adviser and Exempt Reporting Adviser reports,SEC/FINRA IARD,YES,Stage0/ActorGraph,adviser_actor_network,P2,monthly archive 2006-07 through 2026-07; historical ADV CSV from 2001,landing-page linked ZIP/XLSX/CSV,MEDIUM,https://www.sec.gov/data-research/sec-markets-data/information-about-registered-investment-advisers-exempt-reporting-advisers,month,report vintage must precede eventDate,"adviser identity, control persons, affiliations, custody, client transactions and disciplinary disclosures",Published report is a subset of Form ADV and does not establish wrongdoing.,LINK_DISCOVERY_AND_DOWNLOAD_CODE_INCLUDED
WAVE1,SEC_FUND_SERIES_CLASS,Investment Company Series and Class Information,SEC,YES,Stage0,fund_identity,P2,2010-01 through 2026-06,landing-page linked CSV/XML,MEDIUM,https://www.sec.gov/data-research/sec-markets-data/investment-company-series-class-information,year,use only a report vintage available before eventDate,"CIK, series/class IDs and fund ticker identity bridge",The report includes inactive-or-not-yet-active entities and is not a complete closed-end-fund universe.,LINK_DISCOVERY_AND_DOWNLOAD_CODE_INCLUDED
WAVE1,SEC_MIDAS_DECILE_QUARTILE,MIDAS Summary Metrics by Decile and Quartile,SEC,YES,Stage2B/MarketRegime,market_structure_peer_baseline,P2,2012-01 through 2026-06,landing-page linked ZIP,SMALL,https://www.sec.gov/data-research/sec-markets-data/marketstructuredata-decile-quartile,full-range ZIP,metric date and peer partition must be known before eventDate,"market-cap, price, volatility and turnover peer baselines for individual-security MIDAS residuals",Peer bucket construction must not use future market cap or volatility.,LINK_DISCOVERY_AND_DOWNLOAD_CODE_INCLUDED
WAVE1,SEC_MIDAS_SECURITY_EXCHANGE,Metrics by Individual Security and Exchange,SEC,1,Stage2B,intraday market structure,P2,2012-01 through 2026-06,NO_KEY_BULK,VERY_LARGE,https://www.sec.gov/data-research/sec-markets-data/market-structure-data-security-exchange,quarter ZIP,date < cutoff/T0 confirmation,venue fragmentation and exchange-specific cancel/trade behavior,Very large; filter ticker/date while streaming,QUEUED_DYNAMIC_DISCOVERY
WAVE1,SEC_MIDAS_SUMMARY_EXCHANGE,MIDAS Summary Metrics by Exchange,SEC,YES,Stage2B/MarketRegime,market_structure_aggregate,P2,2012-01 through 2026-06,landing-page linked ZIP,SMALL,https://www.sec.gov/data-research/sec-markets-data/marketstructuredata-exchange,full-range ZIP,metric date strictly before eventDate,"exchange-level trade-to-order, cancel/trade, odd-lot and hidden-volume baselines",Aggregate exchange metrics cannot identify issuer-specific manipulation.,LINK_DISCOVERY_AND_DOWNLOAD_CODE_INCLUDED
WAVE1,SEC_NCEN,Form N-CEN Data Sets,SEC,YES,Stage0/Stage1,fund_operations_network,P2,2018-09 through 2026-06,landing-page linked ZIP,MEDIUM,https://www.sec.gov/data-research/sec-markets-data/form-n-cen-data-sets,quarter,filing/public quarter strictly before eventDate,"fund operations, service providers, ETF structure and counterparty network",Some schema 3.1 filings are temporarily omitted from the published data set.,LINK_DISCOVERY_AND_DOWNLOAD_CODE_INCLUDED
WAVE1,SEC_NPORT,Form N-PORT Data Sets,SEC,1,Stage1/2A,fund ownership/liquidity,P2,2019-10 through 2026-06,NO_KEY_BULK,VERY_LARGE,https://www.sec.gov/data-research/sec-markets-data/form-n-port-data-sets,quarter ZIP,filing/public availability < cutoff,"fund ownership, liquidity and concentration shocks",Very large and fund-reporting lag; map holdings with CUSIP/FIGI PIT,QUEUED_DYNAMIC_DISCOVERY
WAVE1,SEC_STOP_ORDERS,SEC Stop Orders,SEC,1,Labels/External Evidence,offering intervention,P2,historical through current,HTML/PDF,SMALL,https://www.sec.gov/enforcement-litigation/stop-orders,order,public date; pre-event cutoff,registration/offering risk evidence,Not equivalent to trading manipulation,INDEX_QUEUE_INCLUDED
WAVE1,GDELT_DOC,GDELT DOC/news event search,GDELT,0,External Evidence,news/public catalyst,P2_OPTIONAL,2017-ish API coverage plus archives,NO_KEY_API,MEDIUM,https://www.gdeltproject.org/,event query,article publication time < cutoff,public catalyst coverage and promotion-news timing,Not official legal evidence; no-news is not proof of no catalyst,LEGACY_COLLECTOR_INCLUDED
WAVE1,FDA_ORANGE_BOOK,FDA Orange Book data files,FDA,YES,ExternalEvidence,legitimate_regulatory_catalyst,P2_SECTOR,approved small-molecule products; current and archived releases,downloadable files,SMALL,https://www.fda.gov/drugs/drug-approvals-and-databases/orange-book-data-files,release snapshot,only an archived release available before eventDate is PIT-safe,"approval, exclusivity and therapeutic-equivalence context",A current snapshot must not be backfilled into historical events.,CATALOG_AND_MANUAL_DOWNLOAD_GUIDANCE
WAVE1,FDA_PURPLE_BOOK,FDA Purple Book licensed biological products,FDA,YES,ExternalEvidence,legitimate_regulatory_catalyst,P2_SECTOR,monthly downloadable archive through 2026-06,landing-page linked CSV/XLSX,SMALL,https://purplebooksearch.fda.gov/downloads,month,use monthly release available before eventDate,"biologic approvals, biosimilarity/interchangeability and applicant changes",Applicant changes and product additions can be revisions rather than new approvals.,LINK_DISCOVERY_AND_DOWNLOAD_CODE_INCLUDED
WAVE1,NIH_REPORTER_EXPORTER,"NIH RePORTER/ExPORTER projects, abstracts and publications",NIH,YES,ExternalEvidence/Stage1,legitimate_research_funding,P2_SECTOR,CRISP legacy 1970-2009 and RePORTER annual files through FY2025,bulk CSV/API/search export,LARGE_SELECTIVE,https://reporter.nih.gov/exporter,fiscal-year file or organization query,award/project public release vintage strictly before eventDate,"NIH grants, contracts, research pipeline and sponsor-network controls",Research awards are not product approvals and organization-name matching is nontrivial.,CATALOG_AND_TARGETED_COLLECTION_DESIGN
WAVE1,OPENFDA_DEVICE_510K,openFDA medical-device 510(k) records,FDA,YES,ExternalEvidence,legitimate_device_catalyst,P2_SECTOR,historical 510(k) clearances through current,bulk ZIP JSON/API,MEDIUM,https://open.fda.gov/apis/device/510k/download/,bulk or applicant query,decision/public record date strictly before eventDate,device-clearance controls for medical-device issuers,Applicant names and later corporate ownership require historical identity mapping.,LEGITIMATE_CATALYST_COLLECTOR_INCLUDED
WAVE1,OPENFDA_DEVICE_PMA,openFDA medical-device premarket approvals,FDA,YES,ExternalEvidence,legitimate_device_catalyst,P2_SECTOR,historical PMA records through current,bulk ZIP JSON/API,MEDIUM,https://open.fda.gov/apis/device/pma/download/,bulk or applicant query,decision/public record date strictly before eventDate,PMA approval and supplement controls for device issuers,Approval supplements differ in materiality; do not label every supplement as a catalyst.,LEGITIMATE_CATALYST_COLLECTOR_INCLUDED
WAVE1,OPENFDA_DRUG_ENFORCEMENT,openFDA drug recall enforcement reports,FDA,YES,ExternalEvidence,negative_regulatory_catalyst,P2_SECTOR,"recall enforcement records, broadly since 2012",bulk ZIP JSON/API,SMALL,https://open.fda.gov/apis/drug/enforcement/download/,bulk or firm query,recall classification/public report date strictly before eventDate,"negative legitimate catalyst, recall and product-quality event controls",Recalls are often voluntary; a recall is not proof of fraud or market manipulation.,LEGITIMATE_CATALYST_COLLECTOR_INCLUDED
WAVE1,USASPENDING_AWARDS,USAspending federal contract and grant awards,U.S. Treasury,YES,ExternalEvidence/Stage2A,legitimate_contract_catalyst,P2_SECTOR,DATA Act award data through current; API v2,REST API/bulk,TARGETED,https://api.usaspending.gov/,recipient query,award action/public date strictly before eventDate,government contract or grant confirmation and issuer dependency features,Recipient-name matching and parent/subsidiary relationships require entity resolution.,LEGITIMATE_CATALYST_COLLECTOR_INCLUDED
WAVE1,FINRA_MONTHLY_SHORT_TX,Monthly Short Sale Transaction Files,FINRA,1,Stage2B,intraday off-exchange flow,P2_SELECTIVE,monthly current/historical page,NO_KEY_BULK,EXTREME,https://www.finra.org/finra-data/browse-catalog/short-sale-volume-data/monthly-short-sale-volume-files,month/venue ZIP parts,trade timestamp < cutoff or T0 confirmation,"trade-level time, size and short-sale flow","Multi-GB per month; only event months/symbols, stream filtering, not exchange-consolidated",SELECTIVE_DISCOVERY_CODE_INCLUDED
WAVE1,CBOE_SSR,Cboe short-sale circuit-breaker lists,Cboe,0,Stage2A/External Evidence,SSR intervention,P3,annual/current,PUBLIC_DOWNLOAD,SMALL,https://www.cboe.com/us/equities/market_statistics/short_sale_circuit_breakers/,day/year,effective date < cutoff,SSR activation context,Venue/list coverage may be partial,CATALOG_ONLY
WAVE1,FEDERAL_REGISTER_API,Federal Register API,Office of the Federal Register/GPO,YES,ExternalEvidence,legitimate_government_action,P3,digital documents broadly from 1994 through current,REST API,TARGETED,https://www.federalregister.gov/developers/documentation/api/v1,issuer/product query,publication date strictly before eventDate,"agency notices, rulemaking and official government-action controls",Name matches can be incidental and must be linked to the issuer/product.,LEGITIMATE_CATALYST_COLLECTOR_INCLUDED
WAVE1,GLEIF_LEI_GOLDEN_COPY,GLEIF LEI Golden Copy and relationship files,GLEIF,OFFICIAL_LEI_FOUNDATION,Stage0/ActorGraph,global_entity_identity,P3,LEI system history through current snapshots,bulk ZIP/API,LARGE,https://www.gleif.org/en/lei-data/gleif-golden-copy/download-the-golden-copy#/,daily snapshot,use snapshot/record dates available before eventDate where possible,"legal entity identity, parent relationships and cross-border actor-network bridge",LEI coverage is incomplete for historical microcaps and current snapshots are not automatically PIT-safe.,CATALOG_ONLY
WAVE1,SEC_ACTIVE_BROKER_DEALERS,SEC Active Broker-Dealer Data,SEC,1,Actor Graph,broker/dealer reference,P3,2007-03 through current monthly,NO_KEY_BULK,SMALL,https://www.sec.gov/foia/frequently-requested-documents/company-information-about-active-broker-dealers,month CSV,snapshot month <= cutoff,broker-dealer identity and network enrichment,Current status differs from historical participation,CATALOG_ONLY
WAVE1,SEC_BDC_REPORT,Business Development Company identity report,SEC,YES,Stage0,fund_issuer_identity,P3,2012-01 through 2026-06,landing-page linked CSV/XML,SMALL,https://www.sec.gov/data-research/sec-markets-data/opendatasetsshtmlbdc,year,use report vintage available before eventDate,CIK/reporting-number identity and historical BDC universe,Active-status report is not a complete historical status interval without vintage preservation.,LINK_DISCOVERY_AND_DOWNLOAD_CODE_INCLUDED
WAVE1,SEC_CANCEL_TRADE,Conditional Cancel and Trade Distributions,SEC,1,Stage2B,market-structure prior,P3,2012-Q4 onward,NO_KEY_BULK,MEDIUM,https://www.sec.gov/data-research/sec-markets-data/marketstructuredata-conditional-cancel,quarter ZIP,period prior to cutoff,conditional cancel/trade duration priors,"Class-level distributions, not ticker-specific order book",QUEUED_DYNAMIC_DISCOVERY
WAVE1,SEC_CLOSED_END_FUND,Closed-End Fund Information,SEC,YES,Stage0,fund_identity,P3,2012-01 through 2026-06,landing-page linked CSV/XML,SMALL,https://www.sec.gov/data-research/sec-markets-data/closed-end-fund-information,year,use report vintage available before eventDate,closed-end fund CIK and filing identity,Active-status report is not a legal or economic classification of event causality.,LINK_DISCOVERY_AND_DOWNLOAD_CODE_INCLUDED
WAVE1,SEC_MMF_INFO,Money Market Fund Information,SEC,YES,Stage0/MarketRegime,fund_identity,P3,2013-01 through 2026-04,landing-page linked CSV/XML,SMALL,https://www.sec.gov/data-research/sec-markets-data/money-market-fund-information,month,use monthly report vintage available before eventDate,MMF identity and series mapping for N-MFP holdings,Current report can contain ceased funds not yet terminated; retain vintage and status fields.,LINK_DISCOVERY_AND_DOWNLOAD_CODE_INCLUDED
WAVE1,SEC_NMFP,Form N-MFP money-market fund portfolio Data Sets,SEC,YES,Stage1/MarketRegime,funding_liquidity_network,P3,2010-09 through 2026-06,landing-page linked ZIP,LARGE,https://www.sec.gov/data-research/sec-markets-data/dera-form-n-mfp-data-sets,quarter/month,monthly filing availability must precede eventDate,"money-market holdings, issuer funding exposure and liquidity stress context",Fund holdings require issuer/security identifier mapping and reporting-lag controls.,LINK_DISCOVERY_AND_DOWNLOAD_CODE_INCLUDED
WAVE1,SEC_QUOTE_HAZARDS,Hazards and Survivors by Time Period,SEC,1,Stage2B,market-structure prior,P3,2012-Q4 onward,NO_KEY_BULK,MEDIUM,https://www.sec.gov/data-research/sec-markets-data/marketstructuredata-hazards-survivors,quarter ZIP,period prior to cutoff,quote lifetime hazard priors by class,"Class-level distributions, not issuer event evidence",QUEUED_DYNAMIC_DISCOVERY
WAVE1,CAT_SYMBOL_MASTER,CAT Reportable Equity Securities Symbol Master,CAT NMS,0,Stage0,current identity reference,P3_CURRENT_ONLY,current day,PUBLIC_CSV,SMALL,https://www.catnmsplan.com/reference-data,day snapshot,snapshot date; never back-project,current NMS/OTC reportable symbol reference,Current snapshot cannot establish historical validity alone,REFERENCE_COLLECTOR_INCLUDED
WAVE1,NASDAQ_SYMBOL_DIRECTORY,Nasdaq Trader Symbol Directory,Nasdaq,0,Stage0,current identity reference,P3_CURRENT_ONLY,current day,PUBLIC_TEXT,SMALL,https://www.nasdaqtrader.com/trader.aspx?id=symboldirdefs,day snapshot,snapshot date; never back-project,current listed/other-listed symbol metadata,No historical PIT guarantee,REFERENCE_COLLECTOR_INCLUDED
WAVE1,WIKIMEDIA_PAGEVIEWS,Wikimedia Pageviews API,Wikimedia Foundation,NO_NONPROFIT_PUBLIC,Stage2A,public_attention,P3_OPTIONAL,daily pageviews from 2015-07 onward,REST API,TARGETED,https://wikitech.wikimedia.org/wiki/Analytics/AQS/Pageviews,resolved article/day,page title mapping and view date strictly before eventDate,independent public-attention burst proxy for promotion and catalyst comparison,"Article-title resolution, bots, redirects and unrelated same-name pages can contaminate signals.",CATALOG_ONLY
WAVE1,SEC_MIDAS_SPREAD_DEPTH_2013,MIDAS Spreads and Depth by Individual Security,SEC,YES,Stage2B,market_microstructure_depth,P3_RESEARCH,calendar 2013 only,landing-page linked ZIP,VERY_LARGE,https://www.sec.gov/data-research/sec-markets-data/marketstructuredata-spreads-depth,2013 full files,date strictly before eventDate,spread/depth validation branch for 2013 events and method development,Only 2013 is covered and files are large; do not extrapolate coverage.,LINK_DISCOVERY_AND_DOWNLOAD_CODE_INCLUDED
WAVE1,USPTO_ODP_PATENT_FILE_WRAPPER,USPTO Open Data Portal patent file-wrapper and patent records,USPTO,YES,ExternalEvidence/Stage1,legitimate_ip_catalyst,P3_SECTOR,historical patent records through current ODP,REST API/download,LARGE_SELECTIVE,https://data.uspto.gov/,assignee/application query,publication/grant/public document date strictly before eventDate,"patent application, assignment and grant chronology for catalyst controls",Patent publication and grant are distinct; assignee names require historical entity resolution.,CATALOG_AND_TARGETED_COLLECTION_DESIGN
WAVE2,W2_LIBRARY_PRICE_PARTITIONS,Four historical US OHLCV parquet partitions,User Library / unknown upstream,NO,Stage0/Stage1/2A,historical price and liquidity,P0_ACTUAL,1962-01-02 through 2026-07-08 by footer statistics,IN_PACKAGE,VERY_LARGE,,symbol-day row,trade_date < cutoff; historical issuer interval must be verified,candidate OHLCV recovery for delisted and legacy symbols,Upstream provenance is not established; do not treat as canonical or attach by current ticker alone.,ACTUAL_DATA_INCLUDED_QUARANTINED
WAVE2,W2_LIBRARY_SEC_FILING_INDEX,SEC filing reference index parquet,User Library / SEC-derived,PARTIAL,Stage0/Stage1/2A/External Evidence,filing chronology and identity,P0_ACTUAL,1993-08-13 through 2026-08-07 by footer statistics,IN_PACKAGE,LARGE,,filing row,filing_date/acceptance timestamp < cutoff,"accession, CIK, form, filing/report/acceptance dates and filing URL",Verify upstream transformation and preserve amendments; an occurrence is not transaction content or causal proof.,ACTUAL_DATA_INCLUDED_REFERENCE
WAVE2,W2_LIBRARY_SHARES_OUTSTANDING,Shares outstanding reference parquet,User Library / SEC-derived,PARTIAL,Stage0/Stage1/2A,capital structure and dilution,P0_ACTUAL,1984-01-31 through 2026-06-30 by footer statistics,IN_PACKAGE,MEDIUM,,symbol-report date,report_date < cutoff,share-count history and dilution features,"Validate filing provenance, units, split basis and issuer identity before use.",ACTUAL_DATA_INCLUDED_REFERENCE
WAVE2,W2_LIBRARY_SPLIT_EVENTS,Stock split event reference parquet,User Library / mixed reference,PARTIAL,Stage0,corporate action and price basis,P0_ACTUAL,1992-09-22 through 2026-08-07 by footer statistics,IN_PACKAGE,SMALL,,symbol-event date,announcement/effective knowledge must precede cutoff,split and reverse-split basis checks,Report date may not equal announcement/effective date; verify against official filing and exchange notice.,ACTUAL_DATA_INCLUDED_REFERENCE
WAVE2,W2_LIBRARY_LEGACY_SYMBOL_HINTS,Legacy AMEX/Nasdaq/NYSE/OTCBB/Pink symbol lists,User Library / academic collection,NO,Stage0,identity candidate generation,P0_ACTUAL,snapshot date unknown,IN_PACKAGE,SMALL,,symbol row,never use as historical truth without dated issuer/CIK/CUSIP interval,candidate search seeds for unresolved and delisted securities,Current or undated symbol strings can be reused; identity_hint_only=1 and trainingEligible=0.,ACTUAL_DATA_INCLUDED_QUARANTINED
WAVE2,W2_LIBRARY_OFFICIAL_CASE_QC,US official case QC registry,User Library / SEC-DOJ sourced derivatives,PARTIAL,Labels/ActorGraph,official-case expansion,P0_ACTUAL,historical cases through build vintage,IN_PACKAGE,SMALL,,case row,"store conduct period, filing date and disposition separately",candidate positive labels and actor-family components,"Allegations, settlements and final judgments must remain distinct; unresolved identity rows stay excluded.",ACTUAL_DATA_INCLUDED_QUARANTINED
WAVE2,W2_LIBRARY_FORMAL_LABEL_POOL,Formal legal label pool V14,User Library / SEC-DOJ sourced derivatives,PARTIAL,Labels/Stage1/2B,label backlog and conservative anchors,P0_ACTUAL,historical cases through build vintage,IN_PACKAGE,SMALL,,case row,trade_date < conservative lower bound; purge where exact acquisition date is absent,append-only label review pool,Many rows are not finalTrainingReady; never bulk-promote by row count.,ACTUAL_DATA_INCLUDED_QUARANTINED
WAVE2,W2_LIBRARY_TICKER_RESOLUTION_AUDIT,Historical ticker resolution audit,User Library,NO,Stage0,identity quality control,P0_ACTUAL,119 audited cases,IN_PACKAGE,SMALL,,case-symbol row,use only the contemporaneous issuer interval,identity and market-data readiness audit,"Audit decisions are build-vintage observations, not authoritative security-master facts.",ACTUAL_DATA_INCLUDED_REFERENCE
WAVE2,W2_LIBRARY_UNRESOLVED_TICKERS,Unresolved historical ticker queue,User Library,NO,Stage0,identity backlog,P0_ACTUAL,194 unresolved rows,IN_PACKAGE,SMALL,,case-symbol row,no OHLCV attachment until issuer/CUSIP/venue interval resolves,targeted identity recovery queue,Unresolved rows are not missing-at-random and must not be silently dropped or guessed.,ACTUAL_DATA_INCLUDED_QUARANTINED
WAVE2,PCAOB_FORM_AP_AUDITORSEARCH,AuditorSearch full Form AP data set,PCAOB,YES,Stage0/Stage1/External Evidence,auditor and engagement-partner network,P1,Form AP era through current; full file updated daily,DIRECT_ZIP,MEDIUM,https://pcaobus.org/resources/auditorsearch,Form AP row,Form AP filing/public date < cutoff,"issuer-auditor-partner network, auditor changes and concentration",Ticker is omitted from the bulk download; join by issuer/CIK and do not treat an auditor relationship as wrongdoing.,VERIFIED_DIRECT_ASSET_RUNTIME_BLOCKED
WAVE2,PCAOB_INSPECTION_FIRM_LEVEL,PCAOB firm-level inspection report data,PCAOB,YES,Stage1/External Evidence,audit quality context,P2,"more than 4,000 inspection reports; historical through current",LINKED_MACHINE_READABLE,MEDIUM,https://pcaobus.org/oversight/inspections/firm-inspection-reports,inspection report,report publication date < cutoff,audit-firm inspection history and peer context,Inspection findings are firm/report context and are not issuer-specific fraud labels.,DYNAMIC_LINK_DISCOVERY_READY_RUNTIME_BLOCKED
WAVE2,PCAOB_INSPECTION_PART_IA,PCAOB Part I.A inspection observations,PCAOB,YES,Stage1/External Evidence,audit quality context,P2,annual firms from 2018 and triennial firms from 2019; quarterly updates,CSV_XML_JSON,MEDIUM,https://pcaobus.org/oversight/inspections/firm-inspection-reports,inspection observation,public report date < cutoff,deficiency category and firm-level audit-risk features,Publication occurs after inspected audits; use strict availability dates and avoid issuer-level guilt inference.,DYNAMIC_LINK_DISCOVERY_READY_RUNTIME_BLOCKED
WAVE2,PCAOB_INSPECTION_PART_IB,PCAOB Part I.B quality-control observations,PCAOB,YES,Stage1/External Evidence,audit quality context,P2,annual firms from 2018 and triennial firms from 2019; quarterly updates,CSV_XML_JSON,MEDIUM,https://pcaobus.org/oversight/inspections/firm-inspection-reports,inspection observation,public report date < cutoff,quality-control remediation and audit-firm regime features,Later remediation/disclosure must not be backfilled to earlier event states.,DYNAMIC_LINK_DISCOVERY_READY_RUNTIME_BLOCKED
WAVE2,PCAOB_ENFORCEMENT_ACTIONS,PCAOB enforcement actions,PCAOB,YES,ActorGraph/External Evidence,auditor enforcement,P2,historical through current,HTML_PDF_INDEX,SMALL,https://pcaobus.org/oversight/enforcement/enforcement-actions,action/document,public action date and conduct period stored separately,auditor/partner sanctions and actor-network expansion,Orders and settlements may not establish issuer misconduct; resolve names and firms carefully.,INDEX_COLLECTOR_READY_RUNTIME_BLOCKED
WAVE2,PCAOB_REGISTERED_FIRMS,PCAOB registered public accounting firms,PCAOB,YES,Stage0/ActorGraph,audit-firm identity,P2,current and historical registration records,SEARCH_DOWNLOAD,SMALL,https://pcaobus.org/oversight/registration/registered-public-accounting-firms,firm,registration/status effective dates,"firm identity, country and registration status bridge",Current registration status must not be retroactively applied.,COLLECTOR_READY_RUNTIME_BLOCKED
WAVE2,SEC_FORM_SHO_AGGREGATED,Aggregated Form SHO short-position/activity reports,SEC,YES,Stage1/2A/External Evidence,institutional short activity,P2_FUTURE_MONITOR,implementation/compliance schedule subject to current SEC orders; no completed-history claim,EDGAR_STRUCTURED_FUTURE,LARGE,https://www.sec.gov/submit-filings/technical-specifications,monthly manager-security report,public availability < cutoff,future institutional short-position and activity context,Do not claim availability until filings and SEC aggregation are actually public; short activity is not manipulation evidence.,MONITOR_LATEST_ORDER_NO_DATA_CLAIM
WAVE2,SEC_FORM_SHO_TECH_SCHEMA,Form SHO XML technical specifications,SEC,YES,Data Engineering,schema and parser readiness,P2,versions 1.0-1.2 through 2025-08-29,DIRECT_ZIP,SMALL,https://www.sec.gov/submit-filings/technical-specifications,schema release,schema version effective date,prepare parser and validation before public data arrives,A schema is not a dataset and does not prove filing availability.,TECH_SCHEMA_DISCOVERY_READY_RUNTIME_BLOCKED
WAVE2,SEC_FORM_144_STRUCTURED,Structured Form 144 notices,SEC,YES,Stage1/2A/External Evidence,planned insider/affiliate sales,P1,structured filing era through current plus legacy EDGAR,EDGAR_XML,MEDIUM,https://www.sec.gov/submit-filings/technical-specifications,filing/notice,acceptance timestamp < cutoff; proposed sale date stored separately,planned affiliate sale pressure and chronology,A notice does not guarantee execution; amendments and late filings require provenance.,SELECTIVE_EDGAR_COLLECTOR_READY_RUNTIME_BLOCKED
WAVE2,SEC_ATS_N_STRUCTURED,Form ATS-N structured filings,SEC,YES,Stage0/ActorGraph/2B,ATS venue and broker network,P2,structured filing era through current,EDGAR_XML,MEDIUM,https://www.sec.gov/submit-filings/technical-specifications,filing,acceptance timestamp < cutoff,"ATS operator ownership, operations and conflict context",Venue registration disclosure is not security-level manipulation evidence.,SELECTIVE_EDGAR_COLLECTOR_READY_RUNTIME_BLOCKED
WAVE2,SEC_X17A5_STRUCTURED,Form X-17A-5 broker-dealer financial reports,SEC,YES,Stage1/ActorGraph/External Evidence,broker-dealer financial condition,P2,structured versions through 2026-03-16,EDGAR_XML,LARGE_SELECTIVE,https://www.sec.gov/submit-filings/technical-specifications,filing,acceptance timestamp < cutoff,broker-dealer capital/liquidity and actor-network context,Confidential/nonpublic portions and filer scope vary; do not infer issuer misconduct.,SELECTIVE_EDGAR_COLLECTOR_READY_RUNTIME_BLOCKED
WAVE2,SEC_RULE605_REPORTS,Rule 605 order execution quality reports,SEC / reporting market centers,YES_RULE_BASED,Stage2B/Market Regime,execution quality,P1,legacy reports plus amended OES format as implemented,PUBLIC_WEBSITE_CSV,VERY_LARGE_DISTRIBUTED,https://www.sec.gov/data-research/technical-specifications-schemas,market-center security-month report,report publication date < cutoff,"execution speed, fill quality, price improvement and venue benchmarking",Distributed on reporting entities websites; coverage and format transitions require source/version tracking.,SCHEMA_AND_DISTRIBUTED_DISCOVERY_COLLECTOR_READY
WAVE2,SEC_RULE606_REPORTS,Rule 606 public quarterly order-routing reports,SEC / broker-dealers,YES_RULE_BASED,Stage2B/ActorGraph,order routing and payment relationships,P2,public quarterly reports retained at least three years,PUBLIC_WEBSITE_XML,LARGE_DISTRIBUTED,https://www.sec.gov/newsroom/press-releases/2018-253,broker-quarter report,report posting date < cutoff,"routing concentration, venue relationships and payment-for-order-flow context",Distributed websites and broker name changes require a crawler and entity resolution.,DISTRIBUTED_DISCOVERY_COLLECTOR_READY
WAVE2,SEC_EDGAR_FORM_COUNTS,SEC filings by form type and year,SEC,YES,Market Regime/Data QC,filing-volume baselines,P2,historical through June 2026 direct CSV vintage,DIRECT_CSV,SMALL,https://www.sec.gov/data-research/dera-data-library/number-filings-form-type,form-year row,dataset publication vintage < cutoff for live use,"form-volume regime, completeness and crawler validation",Aggregate counts are not issuer evidence; revisions must be versioned.,VERIFIED_DIRECT_ASSET_RUNTIME_BLOCKED
WAVE2,SEC_STRUCTURED_DISCLOSURE_RSS,SEC structured disclosure RSS and monthly archive,SEC,YES,Stage0/2A/External Evidence,near-real-time filing attention,P1,monthly archive from 2005 and current weekday feed,RSS_XML,LARGE,https://www.sec.gov/structureddata/rss-feeds-submitted-filings,feed item,acceptance/public feed timestamp < cutoff,near-real-time filing intake and accession discovery,"Feed coverage is structured-disclosure focused, not all EDGAR forms.",COLLECTOR_READY_RUNTIME_BLOCKED
WAVE2,SEC_COMMENT_LETTERS,SEC staff comment letters and issuer responses,SEC,YES,Stage1/External Evidence,disclosure scrutiny,P2,historical public correspondence through current,EDGAR_FORMS_UPLOAD_CORRESP,LARGE_SELECTIVE,https://www.sec.gov/edgar/search-and-access,correspondence filing,public release/filing date < cutoff,"review intensity, accounting/disclosure issue categories and response latency",Public release has a review-completion lag; never use private review dates not public at cutoff.,SELECTIVE_EDGAR_COLLECTOR_READY_RUNTIME_BLOCKED
WAVE2,SEC_NT_LATE_FILINGS,Forms NT 10-K and NT 10-Q late-filing notices,SEC,YES,Stage1/2A,reporting stress,P1,historical EDGAR through current,EDGAR_INDEX_PRIMARY_DOC,MEDIUM,https://www.sec.gov/edgar/search-and-access,filing,acceptance timestamp < cutoff,"late-filing incidence, stated reason and subsequent filing delay",Late filing is not fraud; normalize by filer type and amendments.,SELECTIVE_EDGAR_COLLECTOR_READY_RUNTIME_BLOCKED
WAVE2,SEC_FORM_25_NSE,Form 25-NSE delisting notifications,SEC / exchanges,YES,Stage0/Stage1,listing status and delisting,P1,historical EDGAR through current,EDGAR_XML,MEDIUM,https://www.sec.gov/submit-filings/technical-specifications,filing,acceptance and effective dates; both must be preserved,delisting chronology and venue-exit risk,"Voluntary, merger-related and enforcement delistings must be separated.",SELECTIVE_EDGAR_COLLECTOR_READY_RUNTIME_BLOCKED
WAVE2,SEC_FORM_15_DEREGISTRATION,Form 15 deregistration/suspension filings,SEC,YES,Stage0/Stage1,reporting status,P2,historical EDGAR through current,EDGAR_INDEX_PRIMARY_DOC,MEDIUM,https://www.sec.gov/edgar/search-and-access,filing,acceptance/effective date < cutoff,reporting-status transitions and dark-company risk,Deregistration can be routine; match exact rule subsection and issuer identity.,SELECTIVE_EDGAR_COLLECTOR_READY_RUNTIME_BLOCKED
WAVE2,SEC_8K_ITEM_TIMELINE,8-K item-level chronology derived from filings,SEC-derived,YES,Stage1/2A/2B,legitimate catalyst and corporate event,P1,historical 8-K/8-K-A through current,EDGAR_PRIMARY_DOC_DERIVED,VERY_LARGE_SELECTIVE,https://www.sec.gov/edgar/search-and-access,filing-item,acceptance timestamp and item public availability < cutoff,"bankruptcy, acquisition, financing, auditor change, delisting and disclosure event controls",Item extraction requires source-document verification; filing-aligned does not prove causality.,DERIVED_COLLECTOR_READY_RUNTIME_BLOCKED
WAVE2,SEC_NPX_PROXY_VOTES,Form N-PX proxy voting records,SEC,YES,ActorGraph/External Evidence,institutional governance and ownership network,P3,structured filing era through current,EDGAR_XML,LARGE,https://www.sec.gov/submit-filings/technical-specifications,filing-vote row,acceptance timestamp < cutoff; meeting/vote dates stored separately,institution-security governance links and contested-event context,Vote records are delayed and fund reporting scope differs from beneficial ownership.,COLLECTOR_READY_RUNTIME_BLOCKED
WAVE2,SEC_NCR_LIQUIDITY_EVENTS,Form N-CR current reports for money market funds,SEC,YES,Market Regime/External Evidence,fund liquidity and stress,P3,structured filing era through current,EDGAR_XML,MEDIUM,https://www.sec.gov/submit-filings/technical-specifications,filing,acceptance timestamp < cutoff,money-market stress and sponsor-support regime features,"Fund-level events are generally market-regime controls, not issuer manipulation evidence.",COLLECTOR_READY_RUNTIME_BLOCKED
WAVE2,SEC_FORM_17H_RISK_ASSESSMENT,Form 17-H broker-dealer risk assessment filings,SEC,YES,ActorGraph/Market Regime,broker-dealer risk,P3,EDGAR filing history where public,EDGAR_STRUCTURED_OR_INDEX,MEDIUM_SELECTIVE,https://www.sec.gov/submit-filings/technical-specifications,filing,public acceptance timestamp < cutoff,broker-dealer risk and affiliate structure context,Public availability and filer coverage vary; do not assume complete universe.,SELECTIVE_COLLECTOR_READY_RUNTIME_BLOCKED
WAVE2,SEC_FORM_SH_ER,Form SH-ER short-position reporting for emergency rule era,SEC,YES,External Evidence/Research Control,historical short-position episode,P3_RESEARCH,2008 emergency-reporting era,EDGAR_XML_INDEX,SMALL,https://www.sec.gov/submit-filings/technical-specifications,filing,public filing date < cutoff,historical validation of short-report parsers and crisis control,Narrow emergency-era scope; not comparable to modern Form SHO without explicit regime flags.,HISTORICAL_SELECTIVE_COLLECTOR_READY
WAVE2,SEC_COMPANY_TICKERS_CURRENT,SEC current company ticker reference JSON,SEC,YES,Stage0,current identity hint,P1,current snapshot,DIRECT_JSON,SMALL,https://www.sec.gov/files/company_tickers_exchange.json,issuer-security row,snapshot timestamp; current-only,current CIK-ticker-exchange bridge and crawler seed,SEC states ticker files are not guaranteed complete or accurate; never use for historical ticker intervals.,VERIFIED_DIRECT_ASSET_RUNTIME_BLOCKED
WAVE2,SEC_EDGAR_DAILY_FEED_OLDLOADS,EDGAR daily feeds and Oldloads archives,SEC,YES,Stage0/External Evidence,complete filing archive and document acquisition,P1,historical daily feeds through current archives,TAR_GZ_ZIP,VERY_LARGE,https://www.sec.gov/edgar/sec-api-documentation,day/archive file,archive publication and filing acceptance < cutoff,"bulk document recovery, accession completeness and text feature generation",Very large; obey fair-access rules and preserve raw accession provenance.,COLLECTOR_READY_RUNTIME_BLOCKED
WAVE2,SEC_RULE10C1A_SECURITIES_LENDING,Rule 10c-1a securities lending data,SEC / FINRA future facility,YES_RULE_BASED,Stage1/2A/Market Regime,securities lending,P3_FUTURE_MONITOR,future public dissemination subject to current compliance dates and implementation,FUTURE_PUBLIC_DATA,VERY_LARGE,https://www.sec.gov/rules-regulations/2023/10/s7-18-21,loan transaction,public dissemination timestamp < cutoff,"future securities-lending cost, quantity and availability context",No historical availability claim; implementation dates and fields must be verified before use.,MONITOR_ONLY_NO_DATA_CLAIM
WAVE2,SEC_VOLCKER_METRICS,Volcker Rule quantitative metrics,SEC and banking agencies,YES,Market Regime/ActorGraph,dealer trading and risk metrics,P3,reporting regime through current where public,TECH_SPEC_AND_AGENCY_DATA,LARGE_SELECTIVE,https://www.sec.gov/data-research/technical-specifications-schemas,banking-entity report,public data vintage < cutoff,dealer inventory/risk regime research and parser readiness,Public data availability is agency- and filer-dependent; specifications alone are not observations.,TECH_AND_DISCOVERY_QUEUE
WAVE2,SEC_FORM_24F2,Form 24F-2 securities sold by investment companies,SEC,YES,Stage1/Market Regime,fund share issuance,P3,structured filing era through current,EDGAR_XML,MEDIUM,https://www.sec.gov/submit-filings/technical-specifications,filing,acceptance timestamp < cutoff,fund share issuance/redemption context,Investment-company specific; not comparable to operating-company dilution.,COLLECTOR_READY_RUNTIME_BLOCKED
WAVE2,SEC_SBS_ENTITY_FORMS,Security-based swap entity structured forms,SEC,YES,ActorGraph/Market Regime,swap-dealer identity and risk,P3,structured filing era through current,EDGAR_XML,MEDIUM,https://www.sec.gov/submit-filings/technical-specifications,filing,acceptance/effective date < cutoff,swap dealer and major participant network/regime context,Not issuer-level evidence; public scope and confidentiality must be respected.,COLLECTOR_READY_RUNTIME_BLOCKED
WAVE2,SEC_FORM_MA,Municipal adviser structured filings,SEC,YES,ActorGraph,adviser identity,P3,structured filing era through current,EDGAR_XML,MEDIUM,https://www.sec.gov/submit-filings/technical-specifications,filing,acceptance/effective date < cutoff,municipal-adviser actor network for relevant issuers,Narrow relevance to municipal and adviser-linked cases.,COLLECTOR_READY_RUNTIME_BLOCKED
WAVE2,FINRA_MARGIN_STATISTICS,FINRA customer margin statistics,FINRA,YES_SRO,Market Regime/Stage1,leverage and speculative regime,P2,monthly archive through current,XLSX,SMALL,https://www.finra.org/rules-guidance/key-topics/margin-accounts/margin-statistics,month,publication date < cutoff,"market leverage, debit and free-credit balance regime",Aggregate and methodology-sensitive; not issuer-specific evidence.,LINK_DISCOVERY_COLLECTOR_READY_RUNTIME_BLOCKED
WAVE2,FINRA_TRACE_MONTHLY_VOLUME,TRACE monthly corporate/agency/securitized volume,FINRA,YES_SRO,Market Regime,fixed-income liquidity,P2,January 2017 through current,XLSX,SMALL,https://www.finra.org/finra-data/trace-monthly-volume-files,month-product,publication date < cutoff,credit-liquidity and issuance backdrop,Aggregate capped-volume report; not transaction-level issuer evidence.,LINK_DISCOVERY_COLLECTOR_READY_RUNTIME_BLOCKED
WAVE2,FINRA_TREASURY_DAILY_AGG,TRACE Treasury daily aggregate statistics,FINRA,YES_SRO,Market Regime,rates-market liquidity,P2,first daily published 2023-02-13 through current,XLSX_OR_TOKEN_API,MEDIUM,https://www.finra.org/finra-data/browse-catalog/about-treasury/daily-file,business day,publication timestamp < cutoff,"Treasury volume, trade count and on-the-run price regime",Aggregate TRACE-covered activity; corrections and publication lag must be modeled.,LINK_DISCOVERY_COLLECTOR_READY_RUNTIME_BLOCKED
WAVE2,FINRA_TREASURY_MONTHLY_AGG,TRACE Treasury monthly aggregate statistics,FINRA,YES_SRO,Market Regime,rates-market liquidity,P3,2023 through current,XLSX_OR_TOKEN_API,SMALL,https://www.finra.org/finra-data/browse-catalog/about-treasury/monthly-file,month,publication date < cutoff,monthly Treasury liquidity and dealer/customer mix,Aggregate regime feature; daily source is preferred for short event windows.,LINK_DISCOVERY_COLLECTOR_READY_RUNTIME_BLOCKED
WAVE2,FINRA_TREASURY_WEEKLY_LEGACY,TRACE Treasury weekly aggregate legacy series,FINRA,YES_SRO,Market Regime,rates-market liquidity,P3,March 2020 through February 2023,WEB_FILES,SMALL,https://www.finra.org/finra-data/browse-catalog/about-treasury,week,publication date < cutoff,bridge pre-daily Treasury regime period,Discontinued and format differs from daily/monthly reports.,LINK_DISCOVERY_COLLECTOR_READY_RUNTIME_BLOCKED
WAVE2,FINRA_BROKERCHECK_RESTRICTED,BrokerCheck records,FINRA,YES_SRO,ActorGraph,broker identity and disciplinary history,EXCLUDED_TERMS,current/search history,TERMS_RESTRICTED,N/A,https://brokercheck.finra.org/,person/firm,public record date and underlying event dates,potential actor-resolution source,Automated scraping and redistribution may be restricted; no collector or bypass is included.,EXCLUDED_TERMS_RESTRICTED
WAVE2,NASDAQ_TRADING_HALTS,Nasdaq Trader trading halt RSS/history,Nasdaq,YES_SRO,Stage0/2A/External Evidence,halts and regulatory pauses,P1,current and searchable history,RSS_WEB,SMALL,https://www.nasdaqtrader.com/Trader.aspx?id=TradeHalts,halt,halt/resumption timestamp < cutoff,"halt reason, timing and resumption controls",Exchange feed coverage and code semantics must be preserved; halt alone is not misconduct.,VERIFIED_RSS_COLLECTOR_READY_RUNTIME_BLOCKED
WAVE2,NYSE_THRESHOLD_SECURITIES,NYSE Regulation SHO threshold securities,NYSE,YES_SRO,Stage1/2A/External Evidence,settlement threshold,P3,provider historical interface through current,WEB_DOWNLOAD,SMALL,https://www.nyse.com/regulation/threshold-securities,trade day-security,list publication/date < cutoff,threshold persistence and cross-exchange complement,Threshold status is not manipulation or naked-short proof.,DISCOVERY_QUEUE_RUNTIME_BLOCKED
WAVE2,OCC_OPTIONS_VOLUME,OCC listed options volume statistics,OCC,YES_SRO,Market Regime/Stage1,options activity,P2,historical annual/monthly statistics through current,WEB_XLS_CSV,SMALL,https://www.theocc.com/market-data/market-data-reports/volume-and-open-interest,day/month,publication date < cutoff,"options-volume and open-interest regime, ticker-level where available",Contract adjustments and symbol changes require option-root mapping; aggregate tables are not issuer evidence.,DISCOVERY_COLLECTOR_READY_RUNTIME_BLOCKED
WAVE2,OCC_SECURITIES_LENDING,OCC securities lending statistics,OCC,YES_SRO,Market Regime,securities lending aggregate,P3,provider reporting history through current,WEB_REPORT,SMALL,https://www.theocc.com/market-data/market-data-reports/volume-and-open-interest,day/month,publication date < cutoff,aggregate lending and collateral regime,Aggregate clearing activity; not a substitute for issuer-level lending data.,DISCOVERY_QUEUE_RUNTIME_BLOCKED
WAVE2,CAT_PUBLIC_METRICS,Consolidated Audit Trail public metrics and reports,CAT NMS,YES_PLAN,Data QC/Market Regime,market activity and reporting quality,P3,public reports through current,WEB_REPORTS,SMALL,https://www.catnmsplan.com/metrics,period,report publication date < cutoff,CAT reporting completeness and market-activity context,Public aggregates do not provide reconstructable security-level order data.,DISCOVERY_QUEUE_RUNTIME_BLOCKED
WAVE2,CBOE_RULE605_EXECUTION_REPORTS,Cboe Rule 605 execution-quality files,Cboe,YES_SRO,Stage2B,execution quality,P3,public retention window and archives,DISTRIBUTED_FILES,LARGE,https://www.cboe.com/us/equities/market_statistics/execution_quality/,venue-month-security,report posting date < cutoff,venue execution-quality complement,Format and venue lineage change; do not conflate with consolidated market execution.,DISCOVERY_COLLECTOR_READY_RUNTIME_BLOCKED
WAVE2,MSRB_EMMA_DISCLOSURES,EMMA municipal disclosure and trade data,MSRB,YES_SRO,LegitimateControl/ActorGraph,municipal disclosure and adviser context,P3,historical through current,SEARCH_API_OR_FILES,LARGE,https://emma.msrb.org/,submission/trade,public dissemination timestamp < cutoff,legitimate municipal catalysts and adviser/underwriter network,Only relevant to municipal-linked issuers; data licensing and API terms must be respected.,CATALOG_ONLY_TERMS_REVIEW
WAVE2,FDIC_BANKFIND_INSTITUTIONS,FDIC BankFind institution bulk data,FDIC,YES,Stage0/Stage1,bank issuer identity,P1,current and former FDIC-insured institutions,BULK_CSV_OR_API,MEDIUM,https://banks.data.fdic.gov/bankfind-suite/bulkData/bulkDataDownload,institution snapshot,data vintage/effective date < cutoff,"bank identity, charter, parent, location and status",Current structure bulk is weekly; historical status needs history-event joins.,COLLECTOR_READY_RUNTIME_BLOCKED
WAVE2,FDIC_BANKFIND_FINANCIALS,FDIC BankFind quarterly financial data,FDIC,YES,Stage1/LegitimateControl,bank financial condition,P1,quarterly data since 1992,BULK_CSV_XLSX_OR_API,VERY_LARGE,https://banks.data.fdic.gov/bankfind-suite/bulkData/bulkDataDownload,institution-quarter,report/publication vintage < cutoff,"bank capital, asset quality, earnings, liquidity and peer features",Bulk downloads are quarter-limited and revised; preserve vintage and report date.,COLLECTOR_READY_RUNTIME_BLOCKED
WAVE2,FDIC_BANKFIND_HISTORY_EVENTS,FDIC bank structure history events,FDIC,YES,Stage0,bank identity and corporate actions,P1,historical structure changes through current,BULK_CSV_OR_API,MEDIUM,https://banks.data.fdic.gov/bankfind-suite/bulkData/bulkDataDownload,event,effective and processed dates both stored,"merger, failure, name, charter and ownership history",Processed date can differ from effective date; avoid retroactive identity changes.,COLLECTOR_READY_RUNTIME_BLOCKED
WAVE2,FDIC_BANK_FAILURES,FDIC failures and assistance transactions,FDIC,YES,LegitimateControl/Market Regime,bank failure events,P2,1934 through current,WEB_BULK,SMALL,https://banks.data.fdic.gov/bankfind-suite/failures,failure/assistance event,public/effective date < cutoff,bank-failure legitimate catalyst and systemic-risk controls,"Historical datasets are revised; distinguish failure, assistance and merger events.",COLLECTOR_READY_RUNTIME_BLOCKED
WAVE2,FDIC_SUMMARY_OF_DEPOSITS,FDIC Summary of Deposits,FDIC,YES,Stage1/LegitimateControl,bank franchise and concentration,P3,national custom downloads since 1994; legacy 1987-1993 files,CSV_BULK,LARGE,https://banks.data.fdic.gov/bankfind-suite/SOD/customDownload,branch-year,annual publication vintage < cutoff,"deposit growth, branch footprint and local concentration",Annual and bank-specific; acquisition effects require pro forma/structure joins.,COLLECTOR_READY_RUNTIME_BLOCKED
WAVE2,FFIEC_NIC_STRUCTURE,FFIEC National Information Center structure bulk,FFIEC/Federal Reserve,YES,Stage0/ActorGraph,bank holding company structure,P1,historical and current structure bulk,CSV_XML,LARGE,https://www.ffiec.gov/npw/,entity/relationship snapshot,report/effective/vintage date < cutoff,"BHC subsidiaries, control relationships and entity identifiers",Financial and structure data arrive on different schedules; preserve flow/vintage.,COLLECTOR_READY_RUNTIME_BLOCKED
WAVE2,FFIEC_Y9C_FINANCIALS,FR Y-9C/Y-9LP/Y-9SP holding-company financial data,FFIEC/Federal Reserve,YES,Stage1/LegitimateControl,bank holding company financials,P1,quarterly files back to 2000,CSV_DOWNLOAD,VERY_LARGE,https://www.ffiec.gov/npw/,BHC-quarter,filing/publication date < cutoff,"BHC capital, liquidity, earnings and affiliate-risk features",Reporter population and forms change; use report vintage and amended submissions.,COLLECTOR_READY_RUNTIME_BLOCKED
WAVE2,FFIEC_Y15_SYSTEMIC_RISK,FR Y-15 systemic risk report,FFIEC/Federal Reserve,YES,Market Regime/Stage1,systemic-bank risk,P2,annual snapshots through current,CSV_DOWNLOAD,MEDIUM,https://www.ffiec.gov/npw/,BHC-year,public snapshot date < cutoff,"interconnectedness, complexity and systemic-risk controls",Large-bank-only scope; do not apply missing values as low risk to smaller issuers.,COLLECTOR_READY_RUNTIME_BLOCKED
WAVE2,FED_H15_RATES,Federal Reserve H.15 selected interest rates,Federal Reserve,YES,Market Regime,rates and discount regime,P1,long historical series through current,CSV_XML_FRED,SMALL,https://www.federalreserve.gov/releases/h15/,date-series,release vintage < cutoff; use ALFRED where revised,"risk-free rates, spreads and discount-rate regime",Some series revise or discontinue; preserve series IDs and vintage.,COLLECTOR_READY_RUNTIME_BLOCKED
WAVE2,FED_G17_INDUSTRIAL_PRODUCTION,Federal Reserve G.17 industrial production,Federal Reserve,YES,Market/Sector Regime,industrial activity,P2,monthly historical series through current,CSV_XML_FRED,MEDIUM,https://www.federalreserve.gov/releases/g17/,month-series,release vintage < cutoff,sector production and capacity-utilization controls,Substantial revisions make latest-vintage backfill leaky for prospective tests.,COLLECTOR_READY_RUNTIME_BLOCKED
WAVE2,FED_Z1_FINANCIAL_ACCOUNTS,Federal Reserve Financial Accounts Z.1,Federal Reserve,YES,Market Regime,credit and balance-sheet regime,P2,quarterly historical series through current,COMPRESSED_CSV,LARGE,https://www.federalreserve.gov/releases/z1/,quarter-series,release vintage < cutoff,"household/corporate leverage, issuance and flow-of-funds regime",Revisions are material; use release-vintage archives for strict PIT.,COLLECTOR_READY_RUNTIME_BLOCKED
WAVE2,FED_H8_COMMERCIAL_BANKS,Federal Reserve H.8 assets and liabilities of commercial banks,Federal Reserve,YES,Market Regime,bank credit and deposits,P2,weekly historical series through current,CSV_FRED,MEDIUM,https://www.federalreserve.gov/releases/h8/,week-series,release vintage < cutoff,"bank credit, deposits and securities-holdings regime",Seasonal adjustment and benchmark revisions require vintage handling.,COLLECTOR_READY_RUNTIME_BLOCKED
WAVE2,FED_COMMERCIAL_PAPER,Federal Reserve commercial paper outstanding and rates,Federal Reserve,YES,Market Regime,short-term funding,P2,historical through current,CSV_FRED,SMALL,https://www.federalreserve.gov/releases/cp/,date-series,release vintage < cutoff,commercial-paper stress and funding availability,"Aggregate market series, not issuer-specific issuance evidence.",COLLECTOR_READY_RUNTIME_BLOCKED
WAVE2,FRED_ALFRED_VINTAGES,ALFRED real-time vintage macro series,Federal Reserve Bank of St. Louis,YES,Market Regime/Data Leakage Control,real-time macro vintages,P1,series-dependent historical vintages,API_CSV,VERY_LARGE_SELECTIVE,https://alfred.stlouisfed.org/,series-vintage-observation,vintage_date <= cutoff,strict point-in-time macro and market-regime reconstruction,API key may be required for automation; select only necessary series and preserve vintage.,ACCOUNT_OR_API_KEY_MAY_BE_REQUIRED
WAVE2,CFTC_COT_LEGACY,CFTC legacy Commitments of Traders,CFTC,YES,Market Regime,futures positioning,P2,futures-only annual files from 1986; options combined from 1995,ANNUAL_ZIP_TEXT_XLS,MEDIUM,https://www.cftc.gov/MarketReports/CommitmentsofTraders/HistoricalCompressed/index.htm,report-market,actual publication date < cutoff,"commodity, rates, FX and index positioning regime",Report date differs from release date; pre-1992 frequency and data quality differ.,LINK_DISCOVERY_COLLECTOR_READY_RUNTIME_BLOCKED
WAVE2,CFTC_COT_TFF,CFTC Traders in Financial Futures reports,CFTC,YES,Market Regime,financial futures positioning,P2,September 2009 through current,ANNUAL_ZIP_TEXT_XLS,MEDIUM,https://www.cftc.gov/MarketReports/CommitmentsofTraders/HistoricalCompressed/index.htm,report-market,actual publication date < cutoff,"dealer, asset-manager, leveraged-fund positioning in rates/FX/equity index futures",Classification and delayed release require explicit regime/version fields.,LINK_DISCOVERY_COLLECTOR_READY_RUNTIME_BLOCKED
WAVE2,CFTC_COT_DISAGG,CFTC disaggregated Commitments of Traders,CFTC,YES,Market/Sector Regime,commodity positioning,P3,September 2009 through current,ANNUAL_ZIP_TEXT_XLS,MEDIUM,https://www.cftc.gov/MarketReports/CommitmentsofTraders/HistoricalCompressed/index.htm,report-market,actual publication date < cutoff,energy/metals/agriculture positioning and sector controls,Commodity classification changes and publication disruptions must be recorded.,LINK_DISCOVERY_COLLECTOR_READY_RUNTIME_BLOCKED
WAVE2,CFTC_ENFORCEMENT_ACTIONS,CFTC enforcement actions,CFTC,YES,Labels/ActorGraph,derivatives misconduct,P3,historical through current,HTML_PDF_INDEX,SMALL,https://www.cftc.gov/LawRegulation/EnforcementActions/index.htm,action/document,public action date and conduct period stored separately,actor-network and cross-market manipulation case expansion,"Allegations, settlements and findings remain distinct; issuer mapping may be indirect.",INDEX_COLLECTOR_READY_RUNTIME_BLOCKED
WAVE2,TREASURY_FISCAL_DATA,U.S. Treasury Fiscal Data API and downloads,U.S. Treasury,YES,Market Regime,fiscal and debt regime,P3,dataset-dependent historical through current,API_CSV_JSON,LARGE_SELECTIVE,https://fiscaldata.treasury.gov/datasets/,dataset-period,release date/vintage < cutoff,"debt, rates, receipts, outlays and auction context",Dataset revisions and reporting calendars vary; use named endpoints and vintages.,COLLECTOR_READY_RUNTIME_BLOCKED
WAVE2,OFAC_SDN_CURRENT,OFAC Specially Designated Nationals list,OFAC / U.S. Treasury,YES,Stage0/ActorGraph,sanctions identity,P2,current downloadable list with delta archives,CSV_XML_ZIP,MEDIUM,https://ofac.treasury.gov/sanctions-list-service,entity snapshot,publication/delta date < cutoff,"actor/entity names, aliases, identifiers and sanctions programs",Current snapshots cannot reconstruct historical status alone; fuzzy matches require human review.,CURRENT_SNAPSHOT_AND_DELTA_COLLECTOR_READY_RUNTIME_BLOCKED
WAVE2,OFAC_NONSDN_CURRENT,OFAC consolidated non-SDN lists,OFAC / U.S. Treasury,YES,Stage0/ActorGraph,sanctions identity,P2,current downloadable consolidated list,CSV_XML_ZIP,MEDIUM,https://ofac.treasury.gov/sanctions-list-service,entity snapshot,publication/delta date < cutoff,actor/entity risk and program context,Non-SDN programs have different legal effects; preserve list/program and historical deltas.,CURRENT_SNAPSHOT_AND_DELTA_COLLECTOR_READY_RUNTIME_BLOCKED
WAVE2,OFAC_DELTA_ARCHIVE,OFAC archived published delta files,OFAC / U.S. Treasury,YES,Stage0/ActorGraph,historical sanctions status,P1,yearly delta archive through current,ARCHIVE_FILES,MEDIUM,https://ofac.treasury.gov/sanctions-list-service,delta publication,delta publication timestamp < cutoff,"point-in-time reconstruction of additions, updates and removals",Reconstruct from deltas plus base snapshots; removals do not erase past status.,LINK_DISCOVERY_COLLECTOR_READY_RUNTIME_BLOCKED
WAVE2,ITA_CONSOLIDATED_SCREENING_LIST,International Trade Administration Consolidated Screening List,U.S. Department of Commerce,YES,Stage0/ActorGraph,trade restrictions and screening,P3,current active records; daily updates,CSV_TSV_JSON_API,MEDIUM,https://www.trade.gov/consolidated-screening-list,entity snapshot,snapshot/publication date < cutoff,entity aliases and restriction-program context,API emphasizes active entries; historical research requires archived source lists/snapshots.,CURRENT_SNAPSHOT_ONLY_RUNTIME_BLOCKED
WAVE2,BIS_RESTRICTED_PARTY_LISTS,"BIS Entity List, Denied Persons and related lists",BIS / Commerce,YES,Stage0/ActorGraph,export-control actor risk,P3,current and Federal Register history,CSV_PDF_WEB,MEDIUM,https://www.bis.gov/regulations/federal-register-notices,entity/action,public action/effective date < cutoff,entity restriction and international actor-network context,Current lists are not historical snapshots; legal scopes differ by list.,DISCOVERY_QUEUE_RUNTIME_BLOCKED
WAVE2,SAM_EXCLUSIONS_CURRENT,SAM.gov exclusions,GSA,YES,Stage0/ActorGraph,government exclusion identity,P3,current and provider history where available,API_DOWNLOAD_ACCOUNT,LARGE,https://sam.gov/content/exclusions,entity/exclusion,active/effective/publication date < cutoff,excluded-party names and identifiers,Automation may require an account/API key; current status must not be backcast.,ACCOUNT_OR_API_KEY_REQUIRED
WAVE2,DOJ_FCPA_ENFORCEMENT,DOJ FCPA enforcement actions,U.S. Department of Justice,YES,Labels/ActorGraph,corporate and intermediary enforcement,P3,historical through current,HTML_PDF_INDEX,SMALL,https://www.justice.gov/criminal/criminal-fraud/foreign-corrupt-practices-act,case/document,public action date and conduct period stored separately,actor network and disclosure-risk controls,FCPA conduct is not market manipulation; use as actor/corporate-risk context only.,INDEX_COLLECTOR_READY_RUNTIME_BLOCKED
WAVE2,OPENFDA_FAERS,openFDA drug adverse event reports,FDA,YES,LegitimateControl/Stage2A,drug safety,P1,openFDA era from Q1 2014; original FAERS archives extend earlier,ZIPPED_JSON,VERY_LARGE,https://open.fda.gov/apis/drug/event/download/,report,FDA/openFDA availability date < cutoff,drug-safety event intensity and legitimate catalyst controls,"Reports are spontaneous, duplicated and non-causal; manufacturer/product entity resolution is difficult.",DYNAMIC_DOWNLOAD_COLLECTOR_READY_RUNTIME_BLOCKED
WAVE2,OPENFDA_MAUDE,openFDA device adverse event reports,FDA,YES,LegitimateControl/Stage2A,device safety,P1,approximately 1992 through current; openFDA downloadable files,ZIPPED_JSON,VERY_LARGE,https://open.fda.gov/apis/device/event/download/,report,FDA/openFDA availability date < cutoff,medical-device safety and recall precursor controls,Adverse event reports do not establish defect or causality; old records can change.,DYNAMIC_DOWNLOAD_COLLECTOR_READY_RUNTIME_BLOCKED
WAVE2,OPENFDA_COMPLETE_RESPONSE_LETTERS,openFDA Complete Response Letters,FDA,YES,LegitimateControl/Stage2A/2B,drug approval decision,P1,"published CRLs, with current downloadable JSON",ZIPPED_JSON_AND_PDF,MEDIUM,https://open.fda.gov/apis/transparency/completeresponseletters/download/,letter/application,public release date < cutoff; letter issue date stored separately,negative/conditional regulatory catalyst and sponsor-response timing,Publication can occur long after issuance and coverage is selective; do not backfill private letter dates.,VERIFIED_DOWNLOAD_PAGE_RUNTIME_BLOCKED
WAVE2,OPENFDA_DRUG_LABEL,openFDA drug labeling,FDA,YES,LegitimateControl,label changes and product identity,P2,downloadable current corpus with update history,ZIPPED_JSON,LARGE,https://open.fda.gov/apis/drug/label/download/,label record,effective/public update date < cutoff,"label changes, indications, warnings and product-manufacturer mapping",Current labels can overwrite prior states; retain all file vintages for PIT research.,DYNAMIC_DOWNLOAD_COLLECTOR_READY_RUNTIME_BLOCKED
WAVE2,OPENFDA_DRUG_SHORTAGES,openFDA drug shortages,FDA,YES,LegitimateControl/Stage2A,supply disruption,P2,downloadable endpoint through current,ZIPPED_JSON,MEDIUM,https://open.fda.gov/apis/drug/drugshortages/download/,shortage record,status/public update date < cutoff,supply shortage and resolution catalysts,Product-to-public-company mapping may be many-to-many and lagged.,DYNAMIC_DOWNLOAD_COLLECTOR_READY_RUNTIME_BLOCKED
WAVE2,FDA_WARNING_LETTERS,FDA warning letters,FDA,YES,LegitimateControl/External Evidence,regulatory compliance,P1,"search/export, recent decade readily available and older archives",HTML_CSV_EXPORT_PDF,MEDIUM,https://www.fda.gov/inspections-compliance-enforcement-and-criminal-investigations/compliance-actions-and-activities/warning-letters,letter,public issue/posting date < cutoff,facility/company compliance events and legitimate negative catalysts,Letter recipient may be subsidiary/facility; later closeout status must not be backfilled.,INDEX_COLLECTOR_READY_RUNTIME_BLOCKED
WAVE2,FDA_IMPORT_ALERTS,FDA import alerts,FDA,YES,LegitimateControl/External Evidence,import restriction,P2,historical/current alert pages and red/green lists,HTML_PDF_DATA,MEDIUM,https://www.accessdata.fda.gov/cms_ia/ialist.html,alert/entity/product,public update date < cutoff,import restriction and supply-chain catalyst context,Entity/product matching and list-change history require snapshots.,DISCOVERY_COLLECTOR_READY_RUNTIME_BLOCKED
WAVE2,OPENFDA_FOOD_ENFORCEMENT,openFDA food recall enforcement reports,FDA,YES,LegitimateControl/Stage2A,food recall,P2,downloadable endpoint through current,ZIPPED_JSON,MEDIUM,https://open.fda.gov/apis/food/enforcement/download/,recall,public report date < cutoff,consumer/food company recall catalyst controls,"Recall initiation, classification and publication dates differ.",DYNAMIC_DOWNLOAD_COLLECTOR_READY_RUNTIME_BLOCKED
WAVE2,OPENFDA_DEVICE_ENFORCEMENT,openFDA device recall enforcement reports,FDA,YES,LegitimateControl/Stage2A,device recall,P2,downloadable endpoint through current,ZIPPED_JSON,MEDIUM,https://open.fda.gov/apis/device/enforcement/download/,recall,public report date < cutoff,medical-device recall catalyst controls,Recall action and FDA publication dates differ; issuer-product mapping is nontrivial.,DYNAMIC_DOWNLOAD_COLLECTOR_READY_RUNTIME_BLOCKED
WAVE2,FDA_DRUG_SAFETY_COMMUNICATIONS,FDA drug safety communications,FDA,YES,LegitimateControl/Stage2A,drug safety announcement,P2,historical through current,HTML_INDEX,MEDIUM,https://www.fda.gov/drugs/drug-safety-and-availability/drug-safety-communications,communication,public posting date < cutoff,time-stamped safety catalysts and label-change precursors,Communication can cover classes and multiple sponsors; causal attribution requires human review.,INDEX_COLLECTOR_READY_RUNTIME_BLOCKED
WAVE2,FDA_MEDWATCH_ALERTS,FDA MedWatch safety alerts,FDA,YES,LegitimateControl/Stage2A,product safety announcement,P3,historical through current,HTML_RSS,MEDIUM,https://www.fda.gov/safety/medwatch-fda-safety-information-and-adverse-event-reporting-program,alert,public posting date < cutoff,product safety alerts across drugs/devices/biologics,Alerts may duplicate recalls or communications; deduplicate by product/event.,INDEX_COLLECTOR_READY_RUNTIME_BLOCKED
WAVE2,NHTSA_RECALLS,NHTSA vehicle/equipment recalls,NHTSA,YES,LegitimateControl/Stage2A,automotive recall,P1,1949 through current; daily updates,ZIP_API,LARGE,https://www.nhtsa.gov/nhtsa-datasets-and-apis,recall campaign,public posting/recall date < cutoff,automotive legitimate catalyst and severity controls,"Recall decision, filing and publication dates differ; manufacturer-parent mapping is time-varying.",LINK_DISCOVERY_COLLECTOR_READY_RUNTIME_BLOCKED
WAVE2,NHTSA_MANUFACTURER_COMMUNICATIONS,NHTSA manufacturer communications/TSBs,NHTSA,YES,LegitimateControl/Stage1/2A,product quality and precursor communications,P1,bulk archives from 1995 through current,ZIP_FILES,LARGE,https://www.nhtsa.gov/nhtsa-datasets-and-apis,communication,received/publication date < cutoff,defect/failure communications and recall precursor features,Communications include non-safety issues and may not map cleanly to listed parents.,LINK_DISCOVERY_COLLECTOR_READY_RUNTIME_BLOCKED
WAVE2,NHTSA_INVESTIGATIONS,NHTSA defect investigations,NHTSA,YES,LegitimateControl/Stage2A,regulatory investigation,P2,historical through current; bulk flat files,ZIP_FILES,MEDIUM,https://www.nhtsa.gov/nhtsa-datasets-and-apis,investigation,opening/publication date < cutoff,investigation opening/upgrade/closing catalysts,Investigation is not a finding of defect; stages and outcomes must remain distinct.,LINK_DISCOVERY_COLLECTOR_READY_RUNTIME_BLOCKED
WAVE2,NHTSA_COMPLAINTS,NHTSA consumer complaints,NHTSA,YES,LegitimateControl/Stage1,product complaint intensity,P3,historical through current,ZIP_API,VERY_LARGE,https://www.nhtsa.gov/nhtsa-datasets-and-apis,complaint,public availability date < cutoff,complaint burst and product-quality controls,Self-reported and duplicated; cannot establish defect or company liability.,LINK_DISCOVERY_COLLECTOR_READY_RUNTIME_BLOCKED
WAVE2,CPSC_RECALLS,CPSC recalls,CPSC,YES,LegitimateControl/Stage2A,consumer product recall,P2,full recall history from 1973 with weekly updates,API_XML_JSON,MEDIUM,https://www.cpsc.gov/Recalls/CPSC-Recalls-Application-Program-Interface-API-Information,recall,public release date < cutoff,consumer-product recall catalyst controls,Parent/subsidiary/product mapping and voluntary-recall language need entity resolution.,COLLECTOR_READY_RUNTIME_BLOCKED
WAVE2,GRANTS_GOV_DAILY_XML,Grants.gov daily opportunity XML extract,Grants.gov,YES,LegitimateControl/Stage1,government funding opportunity,P2,"active opportunity database, daily export",DAILY_ZIP_XML,LARGE,https://www.grants.gov/help/xml-extract/,daily snapshot/opportunity,snapshot/publication date < cutoff,funding-opportunity environment and sector catalyst controls,Opportunities are not awards and may not name public companies.,DYNAMIC_FILENAME_COLLECTOR_READY_RUNTIME_BLOCKED
WAVE2,SBIR_AWARDS_BULK,SBIR/STTR awards bulk data,SBIR.gov / SBA,YES,LegitimateControl/Stage2A,government R&D award,P1,every award since program inception; monthly refresh,XLS_JSON_XML_API,LARGE,https://www.sbir.gov/data-resources,award,public award/refresh date < cutoff,"company award amount, agency, topic and technology catalyst",Company identity resolution and award-publication lag must be handled; small firms may be private.,DYNAMIC_DOWNLOAD_COLLECTOR_READY_RUNTIME_BLOCKED
WAVE2,NIH_EXPORTER_PATENTS,NIH ExPORTER patent-project links,NIH,YES,LegitimateControl/ActorGraph,government-funded patent output,P2,bulk historical/current files,CSV_ZIP,LARGE,https://reporter.nih.gov/exporter,patent-project link,file publication and patent/public dates < cutoff,NIH-funded technology and institution/company network,Project associations do not imply commercialization or issuer impact.,LINK_DISCOVERY_COLLECTOR_READY_RUNTIME_BLOCKED
WAVE2,NIH_EXPORTER_CLINICAL_STUDIES,NIH ExPORTER clinical studies links,NIH,YES,LegitimateControl/ActorGraph,government-funded clinical research,P2,"all fiscal years, bulk CSV; current file updates",CSV_ZIP,LARGE,https://reporter.nih.gov/exporter/clinicalstudies,study-project link,file publication and study-public dates < cutoff,clinical-study/project/company-network catalyst controls,Sponsor and grantee may differ from listed issuer; publication lag matters.,LINK_DISCOVERY_COLLECTOR_READY_RUNTIME_BLOCKED
WAVE2,USPTO_PATENT_ASSIGNMENTS,USPTO Patent Assignment Dataset,USPTO,YES,Stage0/LegitimateControl/ActorGraph,patent ownership and financing,P2,recorded transactions since 1970; 2023 full release,VERY_LARGE_CSV_DTA,VERY_LARGE,https://www.uspto.gov/ip-policy/economic-research/research-datasets/patent-assignment-dataset,assignment/conveyance,recordation/public dataset date < cutoff,"ownership transfer, merger, security interest, lien and licensing event controls",Large historical research dataset; recordation does not prove economic transfer date and newer ODP access may require account/API key.,MANUAL_LARGE_DOWNLOAD_OR_ODP_ACCOUNT_REQUIRED
WAVE2,PATENTSVIEW_ASSIGNEE,PatentsView disambiguated assignee data,USPTO PatentsView,YES,Stage0/LegitimateControl,patent entity resolution,P2,grants and pre-grant publications through 2025-12-31,BULK_DATA_DOWNLOAD,VERY_LARGE,https://www.uspto.gov/ip-policy/economic-research/patentsview,patent-assignee link,publication and dataset vintage < cutoff,"company/patent identity, technology portfolio and legitimate innovation controls",Research-grade disambiguation is not the official patent record and versions can revise entity links.,DYNAMIC_DOWNLOAD_OR_ODP_ACCOUNT_REQUIRED
WAVE2,PATENTSVIEW_PATENT_DATA,PatentsView patent and publication data,USPTO PatentsView,YES,LegitimateControl/Stage1,innovation and technology portfolio,P3,grants and pre-grant publications through 2025-12-31,BULK_DATA_DOWNLOAD,VERY_LARGE,https://www.uspto.gov/ip-policy/economic-research/patentsview,patent/publication,public date and dataset vintage < cutoff,"patent volume, classes, citations and government-interest features",Patent publication/grant dates differ from application and economic relevance.,DYNAMIC_DOWNLOAD_OR_ODP_ACCOUNT_REQUIRED
WAVE2,GDELT_EVENTS,GDELT Events 2.1,GDELT Project,NO_PUBLIC_RESEARCH,Stage2A/External Evidence,global event/news attention,P2,historical daily files through current,CSV_ZIP,VERY_LARGE,https://www.gdeltproject.org/data.html,event/article aggregate,first public appearance/file timestamp < cutoff,"event categories, geography and source diversity around issuers",Entity resolution and media bias are substantial; absence of coverage is not evidence of no catalyst.,COLLECTOR_READY_RUNTIME_BLOCKED
WAVE2,GDELT_GKG,GDELT Global Knowledge Graph 2.1,GDELT Project,NO_PUBLIC_RESEARCH,Stage2A/External Evidence,"themes, organizations and tone",P2,historical daily/15-minute files through current,CSV_ZIP,VERY_LARGE,https://www.gdeltproject.org/data.html,document/knowledge row,first public appearance/file timestamp < cutoff,"promotion themes, entity co-mentions, tone and source concentration",Automated entity extraction is noisy; preserve source URL and language.,COLLECTOR_READY_RUNTIME_BLOCKED
WAVE2,COMMON_CRAWL_CDX,Common Crawl index/CDX API,Common Crawl,NO_PUBLIC_RESEARCH,Stage0/External Evidence,historical web evidence,P2,multiple web crawl indexes through current,INDEX_API_WARC,VERY_LARGE_SELECTIVE,https://index.commoncrawl.org/,URL capture,crawl timestamp < cutoff,"historical issuer/promoter pages, press releases and newsletters","Crawl absence is not page absence; targeted domains/URLs only, with copyright-aware extraction.",TARGETED_COLLECTOR_READY_RUNTIME_BLOCKED
WAVE2,INTERNET_ARCHIVE_CDX,Internet Archive CDX/Wayback captures,Internet Archive,NO_PUBLIC_RESEARCH,Stage0/External Evidence,historical web evidence,P2,site-dependent historical captures,CDX_API_WARC_SELECTIVE,VERY_LARGE_SELECTIVE,https://web.archive.org/cdx/,URL capture,capture timestamp < cutoff,"recover historical issuer, promoter and newsletter pages","Robots exclusions, missing captures and replay changes require fail-closed handling; respect access terms.",TARGETED_COLLECTOR_READY_RUNTIME_BLOCKED
WAVE2,SEC_EX99_PRESS_RELEASE_TEXT,EX-99 press-release text derived from EDGAR,SEC-derived,YES,Stage2A/2B/External Evidence,issuer promotion and legitimate disclosure,P1,historical EDGAR through current,EDGAR_DOCUMENT_DERIVED,VERY_LARGE_SELECTIVE,https://www.sec.gov/edgar/search-and-access,filing-exhibit,acceptance timestamp < cutoff,"press-release text, promotion intensity, claims and disclosed catalysts",EX-99 includes many document types; classify exhibit purpose and do not treat promotional language as misconduct alone.,DERIVED_COLLECTOR_READY_RUNTIME_BLOCKED
